ID,AcceptedCampaign3,AcceptedCmp4,AcceptedCmp5,AcceptedCmp1,AcceptedCmp2
10031,0,0,0,0,0
6642,0,0,0,0,0
10882,0,0,0,0,0
5636,0,0,0,0,0
8692,0,0,0,0,0
8091,0,0,0,0,0
8080,0,0,0,0,0
8370,0,0,0,0,0
4550,0,0,0,0,0
3381,0,0,0,0,0
10556,0,0,0,1,0
9467,0,0,0,0,0
2891,0,0,0,0,0
5011,0,0,0,0,0
8140,0,0,0,0,0
11039,0,0,0,0,0
78,0,0,0,0,0
5517,0,0,0,0,0
5290,0,0,0,0,0
4128,0,0,0,0,0
8534,0,1,0,0,0
9592,0,0,0,0,0
8957,0,0,0,0,0
9308,0,0,0,0,0
544,0,0,0,0,0
5989,0,0,0,0,0
635,0,0,0,0,0
6673,0,0,0,0,0
1710,0,0,0,0,0
523,0,0,0,0,0
8977,0,0,0,0,0
9736,0,0,0,0,0
1544,0,0,0,0,0
6575,0,0,0,0,0
6147,0,0,0,0,0
6354,0,0,0,0,0
4769,0,1,0,0,0
7540,0,0,0,0,0
5247,0,0,0,0,0
5987,0,0,0,0,0
9960,0,0,0,0,0
10972,0,1,1,0,0
1399,0,0,0,1,0
2698,0,0,0,0,0
6340,0,0,0,0,0
4107,0,0,0,0,0
10906,0,0,0,0,0
2557,1,0,0,0,0
8786,0,0,0,0,0
7187,0,0,0,0,0
6119,0,0,0,0,0
2980,0,0,0,0,0
3850,0,0,0,0,0
1077,0,0,0,0,0
9733,1,0,0,0,0
8462,1,0,0,0,0
4764,0,0,0,0,0
2223,0,0,0,0,0
7788,0,0,0,0,0
5827,0,0,0,0,0
2958,0,0,0,0,0
4954,0,0,0,0,0
3139,0,1,0,0,0
9952,0,0,0,0,0
8180,0,0,0,0,0
3276,0,0,0,0,0
4994,0,0,1,0,0
3598,0,0,0,0,0
945,0,0,0,0,0
5048,0,0,0,0,0
6214,0,0,0,0,0
6230,0,0,0,0,0
2968,1,0,0,0,0
8800,1,0,0,0,0
1907,0,0,0,0,0
10478,0,0,0,0,0
4188,0,0,0,0,0
8720,0,1,0,0,0
2225,1,0,0,1,0
4790,0,0,0,0,0
1131,0,0,0,0,0
202,0,0,0,0,0
9589,0,0,0,0,0
3900,0,0,0,0,0
9958,0,0,0,0,0
8955,1,0,0,0,0
10033,0,0,0,0,0
5751,0,0,0,0,0
3308,0,0,0,0,0
7297,0,0,0,0,0
8008,0,0,0,0,0
1232,0,0,0,0,0
2345,0,0,0,0,0
1628,0,0,0,0,0
5081,0,0,0,0,0
839,0,0,0,0,0
3706,1,0,0,0,0
5154,0,0,0,0,0
8584,0,0,0,0,0
6583,0,0,0,1,0
3433,0,0,0,1,0
10486,0,0,0,0,0
8687,0,0,0,0,0
7842,0,0,0,0,0
3749,0,0,0,0,0
1331,0,0,0,0,0
5995,0,0,0,0,0
8985,0,0,0,0,0
2798,0,1,1,1,0
7108,0,0,0,0,0
2781,0,0,1,1,0
3623,0,0,0,0,0
194,0,0,0,0,0
10833,0,1,0,0,0
2315,0,0,0,0,0
6336,0,0,0,0,0
10738,0,0,0,0,0
8286,0,1,0,0,0
2166,0,0,0,0,0
10691,0,0,0,0,0
9739,0,0,0,0,0
1829,0,1,0,0,0
6260,0,0,1,0,0
10448,1,0,0,0,0
1343,0,0,0,0,0
4749,0,0,0,0,0
531,0,0,0,0,0
6905,0,0,0,0,0
1045,0,0,0,0,0
4012,0,0,0,0,0
5529,0,0,0,1,0
4001,0,0,0,1,0
10420,0,0,0,0,0
7723,0,0,0,0,0
2963,0,0,0,0,0
10634,0,0,0,0,0
5180,0,0,0,0,0
6866,0,0,0,0,0
1328,0,0,0,0,0
1139,1,0,1,1,0
4961,0,0,0,0,0
5177,0,0,0,0,0
2075,0,0,0,0,0
3428,0,0,0,0,0
4500,0,0,0,0,0
7369,0,0,0,0,0
4381,0,0,0,0,0
9964,0,0,0,0,0
1630,0,0,0,0,0
5012,0,0,0,0,0
6918,0,0,0,0,0
7822,0,0,0,0,0
10156,0,0,0,0,0
3033,0,0,0,0,0
4119,0,0,0,0,0
11110,0,0,0,0,0
332,0,1,0,0,0
737,0,1,1,1,0
10319,0,1,0,0,0
2683,0,0,0,0,0
3445,0,0,0,0,0
10913,1,0,0,0,0
4427,1,0,1,0,0
8717,0,0,0,0,0
2066,0,0,0,0,0
3340,0,0,0,0,0
8685,0,0,0,0,0
4149,0,0,0,0,0
8726,0,0,0,0,0
2295,0,0,0,0,0
3283,0,0,0,0,0
1915,0,0,0,0,0
800,0,0,0,0,0
9166,0,0,0,0,0
5147,0,0,0,0,0
13,0,0,0,0,0
8557,0,0,0,0,0
8724,0,0,0,0,0
9381,0,0,0,0,0
9384,0,0,0,0,0
3560,0,0,1,0,0
241,0,0,1,0,0
7521,0,0,1,0,0
9799,0,0,0,0,0
5123,0,0,0,0,0
448,0,0,0,0,0
4837,0,0,0,0,0
9365,0,0,0,0,0
8932,0,0,0,0,0
7055,0,0,0,0,0
3537,0,0,0,0,0
9081,0,0,0,0,0
4988,0,0,0,0,0
1050,0,0,0,0,0
5610,0,0,0,0,0
3526,0,0,0,0,0
5136,0,1,1,0,0
1411,0,0,0,0,0
701,1,0,0,0,0
6203,0,0,0,0,0
7192,0,0,0,0,0
5181,0,0,0,0,0
9220,0,0,0,0,0
7734,0,0,1,1,0
10446,0,1,1,1,0
5524,0,0,0,0,0
3830,0,0,0,0,0
5186,0,1,0,0,0
8514,0,0,0,0,0
7165,0,0,0,0,0
10236,0,0,0,0,0
2392,0,0,0,0,0
1920,0,0,0,0,0
3673,0,0,0,0,0
1453,0,0,0,0,0
4518,0,0,0,0,0
8969,0,0,0,0,0
387,0,0,0,0,0
1079,0,1,0,0,0
164,0,0,0,0,0
3434,0,0,0,0,0
5721,0,0,1,0,0
8418,0,0,0,0,0
5300,0,0,0,0,0
10424,0,0,0,0,0
11171,0,0,0,0,0
1600,0,0,0,0,0
7851,0,0,0,0,0
10701,0,0,1,1,0
891,0,0,0,0,0
6912,0,0,0,0,0
5967,0,0,0,0,0
2109,0,0,1,0,0
6292,0,0,1,0,0
8537,0,0,0,1,0
9576,0,0,0,0,0
5935,0,0,0,0,0
10264,1,0,0,0,0
234,1,0,0,0,0
3202,0,1,1,0,0
1103,1,0,1,0,0
610,0,0,0,0,0
4480,0,0,0,0,0
10660,0,1,0,0,0
9353,0,1,0,0,0
4120,0,0,0,0,0
2836,0,0,0,0,0
9579,0,0,0,0,0
5841,0,0,0,0,0
3174,0,1,1,1,1
5536,0,1,1,1,1
2061,0,1,0,0,0
8477,0,0,0,0,0
640,0,0,0,0,0
3828,0,0,0,0,0
4093,0,0,0,0,0
8624,0,0,0,0,0
2802,0,0,0,0,0
368,0,0,0,0,0
3599,0,0,0,0,0
3389,0,0,0,0,0
10710,0,0,0,0,0
7118,1,0,0,0,0
4937,0,0,0,0,0
1127,0,0,1,0,0
833,0,0,0,0,0
3565,0,0,0,0,0
6086,0,0,0,1,0
1763,1,0,1,1,0
4697,0,0,0,0,0
182,0,0,0,0,0
1165,0,0,0,0,0
5386,0,1,1,1,0
6024,0,1,1,1,0
2678,0,0,0,0,0
5790,0,0,0,0,0
236,0,0,0,0,0
6001,0,0,0,0,0
6250,0,0,0,0,0
1168,0,0,0,0,0
10749,0,0,0,0,0
2926,0,1,0,0,1
716,0,0,0,0,0
6544,0,0,0,0,0
4298,0,0,0,0,0
5823,0,0,0,0,0
8375,0,0,0,0,0
5723,0,0,0,0,0
5763,0,0,0,0,0
8727,0,0,0,0,0
3056,0,0,0,0,0
8442,0,0,0,0,0
3712,0,1,0,0,0
10722,1,0,0,0,0
2406,0,0,0,0,0
7313,0,0,0,1,0
2656,0,0,0,0,0
1993,0,1,0,0,0
4136,0,0,0,0,0
2928,0,0,0,0,0
2920,0,0,0,0,0
6661,0,0,0,0,0
5462,0,0,0,0,0
10897,0,0,0,0,0
10542,0,0,0,0,0
5756,0,0,0,0,0
3570,0,0,0,0,0
1072,0,0,0,0,0
9606,0,0,1,1,0
2730,0,0,0,0,0
2995,0,0,0,0,0
8210,0,0,0,0,0
773,0,0,0,0,0
5272,0,0,0,0,0
5125,0,0,0,0,0
4391,0,0,0,0,0
6283,0,0,0,0,0
3421,0,0,0,0,0
5731,0,0,0,0,0
7152,0,0,0,0,0
3919,0,0,0,1,0
6097,0,0,0,0,0
5150,0,0,0,0,0
10479,0,0,0,0,0
5966,0,1,0,0,0
3439,0,0,0,0,0
6609,0,0,0,0,0
5393,0,0,0,0,0
9014,0,0,0,0,0
4050,0,0,0,0,0
6862,0,0,0,0,0
8315,0,0,0,0,0
5184,0,0,0,0,0
3643,0,0,1,0,0
2589,0,0,0,0,0
4887,0,0,0,0,0
10104,0,0,0,0,0
3254,0,0,0,0,0
2004,0,0,0,0,0
6142,0,0,0,0,0
8553,0,0,0,0,0
9805,0,0,0,0,0
849,0,0,0,0,0
1606,0,0,0,0,0
125,0,1,0,0,0
9305,0,0,0,0,0
4706,0,0,0,0,0
4437,0,0,0,0,0
3081,0,0,0,0,0
3536,0,0,0,0,0
8686,0,0,0,0,0
9707,0,1,0,0,1
10872,0,1,0,0,1
9058,1,0,1,1,0
4640,0,0,0,0,0
2525,0,0,0,0,0
9503,0,0,0,0,0
10704,0,0,0,0,0
2669,0,0,0,0,0
10037,0,0,0,0,0
5680,0,0,0,0,0
3726,0,0,0,0,0
4548,0,0,0,0,0
4599,0,0,0,0,0
879,0,0,0,0,0
7409,0,0,0,0,0
1964,0,0,0,0,0
0,0,0,0,0,0
4860,0,0,0,0,0
425,0,0,0,0,0
9500,0,0,0,0,0
3074,0,0,0,0,0
5140,0,0,0,0,0
2611,0,0,1,0,0
916,0,0,0,0,0
10413,0,0,0,0,0
3696,0,0,0,0,0
304,0,0,0,0,0
5113,1,0,0,0,0
2863,0,1,0,1,0
4597,0,0,0,0,0
675,0,0,0,0,0
4483,0,0,0,0,0
1502,0,0,0,0,0
736,0,0,0,0,0
4487,0,0,0,0,0
3412,0,1,0,0,0
1744,0,0,0,0,0
5837,0,0,0,0,0
3422,0,1,0,0,1
7462,0,0,0,0,0
10702,0,0,0,0,0
2115,0,1,0,0,0
4138,1,0,0,0,0
11091,0,0,0,0,0
7712,0,0,0,0,0
3535,0,0,0,0,0
5899,1,0,0,0,0
8749,0,0,0,0,0
10955,0,0,0,0,0
9491,0,0,0,0,0
5286,0,0,0,0,0
3409,1,0,0,0,0
2544,0,0,0,0,0
2118,0,0,0,0,0
9370,0,0,0,0,0
4864,0,0,0,0,0
405,1,0,0,0,0
10513,0,0,0,1,0
5138,0,0,0,0,0
8387,0,0,0,0,0
378,0,0,0,0,0
5846,0,0,0,0,0
8870,0,0,0,0,0
10340,0,0,0,0,0
7290,0,0,0,0,0
8895,0,0,0,0,0
3635,0,0,0,0,0
11178,0,0,0,0,0
2410,0,0,0,0,0
3281,0,0,0,0,0
9905,1,0,0,0,0
2437,0,1,0,1,0
2565,0,1,0,0,0
7912,1,0,0,0,0
7072,0,0,0,0,0
1409,0,0,0,0,0
5314,0,0,0,0,0
7215,0,1,1,1,0
8858,0,1,0,0,0
895,0,0,0,0,0
10313,0,0,0,0,0
642,0,0,0,0,0
8504,0,0,1,0,0
1020,0,0,1,0,0
3717,1,0,0,0,0
7646,0,0,0,0,0
5796,0,0,1,0,0
8625,0,0,0,0,0
5407,1,0,0,0,0
4356,0,1,1,0,0
2886,0,1,0,1,0
10057,0,0,0,0,0
10741,0,0,0,0,0
5491,0,0,0,0,0
4442,0,0,0,0,0
3972,0,0,0,0,0
2431,0,0,0,0,0
7899,0,0,0,0,0
9703,1,0,0,0,0
6927,0,0,0,0,0
7005,0,1,0,0,0
246,0,0,0,0,0
4796,0,0,0,0,0
4725,0,0,0,0,0
3286,0,0,0,0,0
10680,0,0,0,0,0
4297,0,0,0,0,0
7327,0,0,0,0,0
1553,0,1,0,1,0
1665,1,0,1,0,1
10640,0,0,0,0,0
7620,0,0,0,0,0
7761,0,0,0,0,0
5062,0,0,0,0,0
6349,0,0,0,0,0
3386,0,0,0,0,0
8175,0,0,0,0,0
6245,0,0,0,0,0
8780,0,0,0,0,0
2276,0,0,0,0,0
1172,0,1,1,1,0
3225,1,0,0,0,0
8629,0,0,0,0,0
798,0,0,0,0,0
269,0,0,0,0,0
8213,0,0,0,0,0
10245,0,0,0,0,0
2447,0,0,0,0,0
9817,0,0,0,0,0
1371,0,0,0,0,0
8093,0,0,0,1,0
713,0,0,0,0,0
11051,0,0,0,0,0
5545,0,0,0,0,0
5283,0,0,0,0,0
5010,0,0,0,0,0
7495,0,0,0,0,0
4368,0,0,0,0,0
6303,0,0,0,0,0
1030,0,0,0,0,0
10364,0,0,0,0,0
6945,0,0,0,0,0
8562,0,0,0,0,0
2918,0,0,0,0,0
9167,0,0,0,0,0
4743,0,0,0,0,0
10742,0,0,1,0,0
10965,0,0,0,1,0
7129,0,0,0,0,0
3732,0,0,0,0,0
7124,0,0,0,0,0
10686,0,0,0,0,0
7247,0,1,0,0,0
1513,0,0,0,0,0
460,0,0,0,0,0
6653,0,0,0,0,0
9400,0,0,0,0,0
7106,0,0,0,0,0
4252,0,0,0,0,0
9240,0,0,0,0,0
10770,0,0,0,0,0
176,0,0,0,0,0
6870,0,0,0,0,0
143,0,0,0,0,0
6445,0,0,0,0,0
4278,0,0,0,0,0
6906,0,1,1,1,0
4637,0,0,0,1,0
8690,0,0,0,0,0
1173,0,1,1,0,0
1928,1,0,0,0,0
9029,0,0,0,0,0
10299,0,0,0,0,0
9246,0,0,0,0,0
4943,0,1,1,0,0
4122,0,0,0,1,0
2853,0,0,0,0,0
902,0,0,0,0,0
1672,0,0,0,0,0
7254,0,0,0,0,0
8775,0,0,0,0,0
9543,0,0,0,0,0
7093,0,0,0,0,0
2894,0,1,1,1,0
5956,0,0,0,0,0
1921,0,0,0,0,0
5057,0,0,0,0,0
10260,0,0,0,0,0
2262,0,0,0,0,0
7930,0,0,0,0,0
1461,0,0,0,0,0
7514,0,0,0,0,0
6461,0,1,0,0,0
257,0,0,0,0,0
9460,0,0,0,0,0
3855,0,0,0,0,0
367,0,0,0,0,0
9265,0,0,0,0,0
1990,1,0,0,0,0
3594,0,0,0,0,0
9292,0,0,0,0,0
6218,0,1,0,0,0
6528,0,0,0,0,0
10164,0,1,1,0,0
9937,0,0,0,0,0
274,0,0,0,0,0
5250,0,0,1,0,0
11010,0,0,0,0,0
6969,0,0,0,0,0
10735,0,0,0,0,0
5068,0,0,0,0,0
9974,0,0,0,0,0
7053,0,0,0,0,0
3179,0,0,0,0,0
8082,0,0,0,0,0
1362,0,0,0,0,0
6768,0,0,0,0,0
2375,0,0,0,0,0
6856,0,0,0,0,0
4066,0,0,0,0,0
4333,0,1,0,0,0
2948,0,0,0,0,0
4927,0,0,0,0,0
7426,0,0,0,0,0
8360,0,0,0,0,0
4058,0,1,0,0,0
10755,0,0,0,0,0
8414,0,0,0,0,0
6810,0,0,1,0,0
3839,0,0,0,0,0
3483,0,1,0,1,1
238,0,0,0,0,0
591,0,0,0,0,0
5063,0,0,0,0,0
4303,0,0,0,0,0
2258,0,0,0,0,0
7301,0,0,0,0,0
11121,0,0,0,0,0
5287,0,0,0,0,0
6457,0,0,0,0,0
3559,0,0,0,0,0
5577,0,0,0,0,0
641,1,0,0,0,0
954,0,0,0,0,0
1834,0,0,0,0,0
8789,0,0,0,0,0
10584,0,0,0,0,0
2337,0,0,0,0,0
6071,0,0,0,0,0
295,0,0,0,0,0
10203,0,0,0,0,0
3968,0,1,1,0,1
4037,0,0,0,0,0
6932,0,0,1,0,0
10159,0,0,0,0,0
1177,0,0,0,0,0
9426,0,0,0,0,0
10637,0,0,0,0,0
10826,0,0,0,0,0
4086,0,0,0,0,0
10304,0,0,0,0,0
7998,0,0,0,0,0
10992,0,0,0,0,0
6383,0,0,0,0,0
10536,0,0,0,0,0
6036,0,0,1,0,0
11092,0,0,0,0,0
538,0,0,0,0,0
10022,0,0,0,0,0
10157,0,0,0,0,0
3503,0,0,0,0,0
146,0,0,0,1,0
5538,1,0,1,1,0
3910,1,0,1,1,0
4227,0,0,0,0,0
6634,0,0,0,0,0
8916,0,0,0,0,0
6460,0,0,0,0,0
5883,0,0,0,0,0
10091,0,0,0,0,0
697,0,0,1,0,0
2607,0,0,0,0,0
8427,0,0,0,0,0
217,0,0,0,0,0
6202,0,0,0,0,0
3856,0,0,0,0,0
10648,0,0,0,0,0
5120,0,0,0,0,0
6749,0,0,0,0,0
1584,0,0,0,0,0
9559,1,0,0,0,0
771,0,0,0,0,0
5237,0,0,0,0,0
2461,0,0,0,0,0
5474,0,0,0,0,0
2895,0,0,0,0,0
7972,0,0,0,0,0
10067,0,0,0,0,0
500,0,1,1,1,0
922,1,0,0,0,0
2861,0,0,0,0,0
375,0,0,0,0,0
10936,0,0,0,0,0
10314,0,1,0,1,0
4240,0,0,0,0,0
2674,0,0,0,0,0
2563,0,0,0,0,0
8312,0,0,0,0,0
6999,0,0,0,0,0
7574,0,0,0,0,0
5223,0,0,0,0,0
2952,0,0,0,0,0
7683,0,0,0,0,0
9481,0,0,0,0,0
9907,0,0,0,0,0
5454,0,0,0,0,0
3798,0,0,0,0,0
7281,0,0,0,0,0
4259,0,0,0,0,0
2549,0,0,0,0,0
6437,0,0,0,0,0
2488,0,0,0,0,0
3945,1,0,0,0,0
702,0,0,0,0,0
9010,1,0,1,1,0
9710,0,0,0,0,0
1509,0,1,1,1,1
9120,0,0,0,0,0
5252,0,0,0,0,0
5959,0,0,0,0,0
7441,0,0,0,0,0
4271,0,0,0,0,0
4095,0,0,0,0,0
8852,0,0,0,0,0
7698,0,0,0,0,0
4174,0,0,0,0,0
3182,1,0,0,0,0
193,1,0,0,0,0
5229,0,0,0,0,0
5555,0,0,0,0,0
7732,0,0,0,0,0
310,0,0,0,0,0
6261,0,0,0,0,0
6274,0,1,1,0,0
1655,0,0,0,0,0
2740,0,0,0,0,0
4328,0,0,0,0,0
17,0,0,0,0,0
9153,0,0,0,0,0
520,0,0,0,0,0
8372,0,0,0,0,0
73,0,0,0,0,0
2002,0,0,0,0,0
6059,0,0,0,0,0
11166,0,0,0,0,0
6257,0,0,0,0,0
9224,0,0,0,0,0
8732,0,1,1,0,0
955,1,0,0,0,0
4910,0,0,0,0,0
564,0,1,0,0,0
8931,0,0,0,1,0
1998,0,0,0,0,0
1250,0,0,0,0,0
8397,1,0,0,0,0
9672,0,0,0,0,0
2125,0,0,0,0,0
5975,0,0,0,0,0
983,1,0,0,0,0
9938,0,0,1,0,0
4385,0,0,0,0,0
1612,0,0,0,0,0
803,0,0,0,0,0
10675,0,0,0,0,0
7004,1,0,0,0,0
4432,0,0,0,0,0
5079,0,0,0,0,0
4475,0,0,0,0,0
10868,0,0,0,0,0
6742,0,0,0,0,0
5692,0,0,0,0,0
339,0,1,0,0,0
10398,0,0,0,0,0
8017,0,0,0,0,0
3722,0,0,0,0,0
7326,0,0,0,0,0
2416,0,0,0,0,0
1878,0,0,0,0,0
5278,0,0,0,1,0
5734,0,0,0,0,0
4370,0,0,0,0,0
8405,0,0,0,0,0
7617,0,0,0,0,0
10339,0,0,0,0,0
6376,0,0,0,0,0
2150,0,0,0,0,0
7386,0,0,0,0,0
3006,0,0,0,0,0
11088,0,0,0,0,0
5185,0,0,0,0,0
3523,0,0,0,0,0
55,0,0,0,0,0
3807,0,0,0,0,0
2453,0,0,0,0,0
7787,0,0,0,0,0
2230,0,0,0,0,0
8146,0,0,0,0,0
988,0,0,0,1,0
4832,0,0,0,0,0
3152,0,0,0,0,0
11188,0,0,0,0,0
361,0,0,0,0,0
5939,0,0,0,0,0
9349,0,0,1,1,0
819,0,0,0,0,0
10120,0,0,0,0,0
4541,0,0,0,0,0
2456,0,0,0,0,0
2516,0,0,0,0,0
11013,0,0,0,0,0
9988,0,0,0,0,0
1627,0,0,0,1,0
1490,0,0,0,0,0
6710,0,0,0,0,0
7375,0,0,0,0,0
10144,0,0,0,0,0
3138,0,1,1,1,1
1440,0,0,0,0,0
4200,0,0,0,0,0
4998,0,0,0,1,0
7321,0,0,0,1,0
8663,0,0,0,0,0
1958,0,0,0,0,0
6963,0,0,1,0,0
1065,0,0,0,0,0
2712,0,0,0,0,0
6049,1,0,0,1,0
6605,0,1,0,0,0
11181,0,0,0,0,0
5234,0,0,0,0,0
5253,0,0,0,0,0
11148,0,0,0,0,0
6289,0,0,0,0,0
9743,0,0,1,0,0
9209,0,0,0,0,0
6417,0,0,0,0,0
7937,0,0,0,0,0
6488,0,0,0,0,0
3194,0,0,0,0,0
231,0,0,0,0,0
9697,0,0,0,0,0
4676,0,0,0,0,0
8079,0,0,0,0,0
10032,0,0,0,0,0
10505,0,0,0,0,0
2005,0,0,0,0,0
6940,1,0,0,0,0
2304,0,0,0,0,0
3170,0,0,0,0,0
10466,0,0,0,0,0
7325,0,0,0,0,0
455,0,0,0,0,0
7592,0,0,0,0,0
4547,0,0,0,0,0
6825,0,0,0,0,0
2961,1,0,0,0,0
8700,0,0,0,0,0
2278,0,0,0,0,0
10703,0,0,0,0,0
9,0,0,0,0,0
2804,0,0,0,0,0
4915,0,0,0,0,0
3010,1,0,1,1,0
4279,0,0,0,0,0
2564,0,0,0,0,0
1137,1,0,0,1,0
5084,0,0,0,0,0
7094,0,0,0,0,0
6327,0,0,0,0,0
6131,0,0,0,0,0
5798,0,0,0,0,0
10379,0,0,0,0,0
606,0,0,0,0,0
7801,0,0,0,0,0
2445,0,0,0,0,0
5346,0,0,0,0,0
550,0,0,0,0,0
4478,0,0,0,0,0
2350,0,1,0,0,0
1118,1,0,0,0,0
1491,0,0,0,0,0
4507,0,0,0,0,0
7023,0,0,0,0,0
6977,0,0,1,0,0
4042,0,0,0,0,0
7274,0,1,0,0,0
2902,0,0,0,0,0
3332,0,0,0,0,0
7433,0,0,0,0,0
9386,0,1,0,0,0
5176,1,0,0,0,0
10323,0,0,0,0,0
4682,0,0,0,0,0
3083,0,0,0,0,0
8015,0,0,0,0,0
1745,0,0,0,0,0
3136,0,0,0,0,0
6991,0,0,0,0,0
8132,0,1,0,0,0
503,0,0,0,0,0
8148,0,0,0,0,0
2736,0,0,0,0,0
8162,0,0,0,0,0
692,0,0,0,0,0
7706,1,0,0,0,0
9298,0,1,1,0,0
2986,0,0,0,0,0
10812,0,0,0,0,0
2909,0,1,1,0,0
6974,0,0,0,0,0
9140,0,0,0,0,0
4554,0,0,0,0,0
7791,0,0,0,0,0
5455,0,0,0,0,0
7960,0,0,1,0,0
3426,0,0,0,0,0
5316,0,0,0,0,0
1404,0,0,0,0,0
10598,0,0,0,0,0
8212,0,0,0,0,0
3233,0,0,0,0,0
7892,0,0,0,0,0
2975,0,0,0,1,0
5043,0,0,0,0,0
3104,0,0,1,0,0
10854,0,0,0,0,0
7419,0,0,0,0,0
5558,0,0,1,0,0
832,0,0,0,0,0
4964,0,0,0,0,0
11030,1,0,0,0,0
4587,0,0,0,0,0
450,0,0,0,0,0
11031,0,0,0,0,0
4990,0,0,0,0,0
221,0,0,0,0,0
4351,1,0,0,0,0
1357,0,0,0,0,0
5667,0,0,0,0,0
8867,0,0,0,0,0
2747,0,0,0,0,0
7422,0,0,0,0,0
4148,0,0,0,0,0
9516,0,1,0,0,1
1291,0,0,0,0,0
1833,0,0,0,0,0
7270,0,1,0,0,0
8182,0,0,0,0,0
10394,1,0,1,1,0
1142,0,0,0,0,0
451,0,0,0,0,0
7128,0,0,0,0,0
10678,0,0,0,0,0
7755,0,0,0,0,0
4754,0,0,0,0,0
20,0,0,0,0,0
2246,0,0,0,0,0
10307,0,0,0,0,0
2147,0,0,1,1,0
10590,0,0,0,0,0
6565,0,0,0,1,0
6619,0,0,0,0,0
4817,0,0,0,0,0
4508,0,0,0,0,0
4843,0,0,0,0,0
9197,0,0,0,0,0
6237,0,0,0,0,0
6515,0,0,0,0,0
5954,0,0,0,0,0
7938,0,0,0,0,0
961,0,0,0,0,0
1764,0,0,0,0,0
1916,0,0,0,0,0
6941,0,0,0,0,0
5562,0,0,0,0,0
1517,0,0,0,0,0
7286,0,0,0,0,0
4687,0,0,0,0,0
5631,0,0,0,0,0
1951,0,0,0,0,0
123,0,0,0,0,0
9451,0,0,0,0,0
7396,0,0,1,0,0
3298,0,0,0,0,0
6730,0,0,0,0,0
9916,0,0,0,0,0
2227,0,0,0,0,0
946,0,0,0,0,0
3745,0,0,0,0,0
4094,0,0,0,0,0
8588,0,0,0,0,0
3916,0,0,0,0,0
9135,0,0,0,0,0
1755,0,0,0,0,0
2875,0,0,0,0,0
2008,0,0,0,1,0
10925,0,0,0,0,0
1604,0,0,0,0,0
5389,0,1,0,0,0
2878,0,0,0,0,0
4440,0,1,0,0,0
1324,0,0,0,0,0
6262,0,0,0,0,0
3628,0,0,0,0,0
3641,0,0,0,0,0
322,0,0,0,0,0
175,1,0,1,0,0
6988,1,0,1,0,0
8204,0,0,0,0,0
7476,0,1,0,0,0
5221,1,0,0,0,0
8970,0,0,0,0,0
9286,0,0,0,0,0
5831,0,1,0,1,0
1010,0,0,0,0,0
11074,0,0,0,0,0
5896,0,0,0,0,0
3515,0,0,0,0,0
5324,0,0,0,0,0
6534,0,0,0,0,0
8373,0,0,0,0,0
3829,0,0,0,0,0
4501,0,0,0,0,0
4179,0,0,0,0,0
2292,0,0,0,0,0
9239,0,0,0,0,0
8953,0,0,0,0,0
10258,0,0,0,0,0
3520,1,0,1,1,1
10402,0,0,0,0,0
11114,0,0,0,0,0
9553,0,0,0,0,0
6055,0,1,0,0,0
4786,0,0,0,0,0
5015,0,0,0,0,0
8560,0,0,0,0,0
3469,0,0,0,0,0
5885,0,0,0,0,0
3310,0,0,0,0,0
2134,0,0,0,0,0
2532,1,0,0,0,0
2579,0,0,0,0,0
3117,0,0,0,0,0
5623,1,0,0,0,0
4789,1,0,1,1,0
9523,0,0,0,0,0
5268,0,0,0,0,0
1545,0,0,0,0,0
2254,0,0,0,0,0
2661,0,0,0,0,0
3130,0,0,0,0,0
5847,0,0,0,0,0
5863,0,0,0,0,0
999,0,1,1,0,0
2931,0,0,0,1,0
1890,0,0,0,0,0
5589,0,0,0,0,0
10172,0,0,0,0,0
6729,0,0,0,0,0
10492,0,0,0,0,0
2939,0,0,0,0,0
5948,0,0,0,0,0
574,0,0,0,0,0
3266,0,0,0,0,0
10500,0,0,0,0,0
7987,0,1,0,0,0
1135,0,0,0,0,0
24,0,0,0,0,0
7244,0,0,0,0,0
1966,0,0,1,0,0
7789,0,0,1,0,0
3336,1,0,0,0,0
5644,0,1,0,0,0
1295,0,0,0,0,0
6663,0,0,0,0,0
10262,0,0,0,0,0
456,0,0,0,0,0
3270,0,0,0,0,0
5748,0,0,0,0,0
8952,0,0,0,0,0
3921,0,0,0,0,0
9826,0,0,0,0,0
5830,0,0,0,0,0
8310,0,0,0,0,0
6382,0,0,0,0,0
8439,0,0,0,1,0
7613,0,0,0,0,0
48,0,1,0,0,0
5046,0,0,0,0,0
3231,0,0,0,0,0
7181,0,0,0,0,0
1663,0,0,0,0,0
5441,0,0,0,0,0
8602,0,0,0,0,0
9925,1,0,0,0,0
9499,0,1,1,0,0
6568,0,0,0,0,0
3032,0,0,0,0,0
5153,1,0,0,0,0
4127,1,0,0,0,0
9940,0,0,0,0,0
7527,0,0,0,0,0
3406,0,0,0,0,0
9771,0,0,0,0,0
6722,0,0,0,0,0
213,0,0,0,0,0
8541,0,0,0,0,0
8475,0,0,0,0,0
8070,0,0,0,0,0
313,0,1,0,0,0
9757,0,1,1,0,1
2088,0,1,1,0,1
2320,0,0,0,0,0
966,0,1,0,0,0
9706,0,0,0,0,0
3979,0,0,1,0,0
5602,0,0,0,0,0
2202,0,0,0,0,0
9645,0,0,0,0,0
7230,0,1,0,0,0
5675,0,1,0,0,0
4974,0,0,0,0,0
5687,0,0,0,0,0
5871,0,0,0,0,0
3846,0,0,0,0,0
10001,0,0,0,0,0
2831,0,0,0,0,0
868,0,0,0,0,0
7212,0,0,0,0,0
1743,0,0,0,0,0
2415,0,0,0,1,0
7947,0,0,0,0,0
2106,0,0,0,0,0
3363,0,0,0,0,0
8595,0,0,0,0,0
7232,0,0,0,0,0
7829,0,0,0,0,0
9977,0,0,0,0,0
10142,0,0,0,0,0
5263,0,0,0,0,0
22,0,0,0,0,0
528,0,0,0,0,0
4070,0,1,1,0,0
